INSERT INTO homestead.data_rows (id, data_type_id, field, type, display_name, required, browse, `read`, edit, `add`, `delete`, details, `order`) VALUES (1, 1, 'id', 'number', 'ID', 1, 0, 0, 0, 0, 0, null, 1);
INSERT INTO homestead.data_rows (id, data_type_id, field, type, display_name, required, browse, `read`, edit, `add`, `delete`, details, `order`) VALUES (2, 1, 'name', 'text', 'Name', 1, 1, 1, 1, 1, 1, null, 2);
INSERT INTO homestead.data_rows (id, data_type_id, field, type, display_name, required, browse, `read`, edit, `add`, `delete`, details, `order`) VALUES (3, 1, 'email', 'text', 'Email', 1, 1, 1, 1, 1, 1, null, 3);
INSERT INTO homestead.data_rows (id, data_type_id, field, type, display_name, required, browse, `read`, edit, `add`, `delete`, details, `order`) VALUES (4, 1, 'password', 'password', 'Password', 1, 0, 0, 1, 1, 0, null, 4);
INSERT INTO homestead.data_rows (id, data_type_id, field, type, display_name, required, browse, `read`, edit, `add`, `delete`, details, `order`) VALUES (5, 1, 'remember_token', 'text', 'Remember Token', 0, 0, 0, 0, 0, 0, null, 5);
INSERT INTO homestead.data_rows (id, data_type_id, field, type, display_name, required, browse, `read`, edit, `add`, `delete`, details, `order`) VALUES (6, 1, 'created_at', 'timestamp', 'Created At', 0, 1, 1, 0, 0, 0, null, 6);
INSERT INTO homestead.data_rows (id, data_type_id, field, type, display_name, required, browse, `read`, edit, `add`, `delete`, details, `order`) VALUES (7, 1, 'updated_at', 'timestamp', 'Updated At', 0, 0, 0, 0, 0, 0, null, 7);
INSERT INTO homestead.data_rows (id, data_type_id, field, type, display_name, required, browse, `read`, edit, `add`, `delete`, details, `order`) VALUES (8, 1, 'avatar', 'image', 'Avatar', 0, 1, 1, 1, 1, 1, null, 8);
INSERT INTO homestead.data_rows (id, data_type_id, field, type, display_name, required, browse, `read`, edit, `add`, `delete`, details, `order`) VALUES (9, 1, 'user_belongsto_role_relationship', 'relationship', 'Role', 0, 1, 1, 1, 1, 0, '{"model":"TCG\\\\Voyager\\\\Models\\\\Role","table":"roles","type":"belongsTo","column":"role_id","key":"id","label":"display_name","pivot_table":"roles","pivot":0}', 10);
INSERT INTO homestead.data_rows (id, data_type_id, field, type, display_name, required, browse, `read`, edit, `add`, `delete`, details, `order`) VALUES (10, 1, 'user_belongstomany_role_relationship', 'relationship', 'Roles', 0, 1, 1, 1, 1, 0, '{"model":"TCG\\\\Voyager\\\\Models\\\\Role","table":"roles","type":"belongsToMany","column":"id","key":"id","label":"display_name","pivot_table":"user_roles","pivot":"1","taggable":"0"}', 11);
INSERT INTO homestead.data_rows (id, data_type_id, field, type, display_name, required, browse, `read`, edit, `add`, `delete`, details, `order`) VALUES (11, 1, 'settings', 'hidden', 'Settings', 0, 0, 0, 0, 0, 0, null, 12);
INSERT INTO homestead.data_rows (id, data_type_id, field, type, display_name, required, browse, `read`, edit, `add`, `delete`, details, `order`) VALUES (12, 2, 'id', 'number', 'ID', 1, 0, 0, 0, 0, 0, null, 1);
INSERT INTO homestead.data_rows (id, data_type_id, field, type, display_name, required, browse, `read`, edit, `add`, `delete`, details, `order`) VALUES (13, 2, 'name', 'text', 'Name', 1, 1, 1, 1, 1, 1, null, 2);
INSERT INTO homestead.data_rows (id, data_type_id, field, type, display_name, required, browse, `read`, edit, `add`, `delete`, details, `order`) VALUES (14, 2, 'created_at', 'timestamp', 'Created At', 0, 0, 0, 0, 0, 0, null, 3);
INSERT INTO homestead.data_rows (id, data_type_id, field, type, display_name, required, browse, `read`, edit, `add`, `delete`, details, `order`) VALUES (15, 2, 'updated_at', 'timestamp', 'Updated At', 0, 0, 0, 0, 0, 0, null, 4);
INSERT INTO homestead.data_rows (id, data_type_id, field, type, display_name, required, browse, `read`, edit, `add`, `delete`, details, `order`) VALUES (16, 3, 'id', 'number', 'ID', 1, 0, 0, 0, 0, 0, null, 1);
INSERT INTO homestead.data_rows (id, data_type_id, field, type, display_name, required, browse, `read`, edit, `add`, `delete`, details, `order`) VALUES (17, 3, 'name', 'text', 'Name', 1, 1, 1, 1, 1, 1, null, 2);
INSERT INTO homestead.data_rows (id, data_type_id, field, type, display_name, required, browse, `read`, edit, `add`, `delete`, details, `order`) VALUES (18, 3, 'created_at', 'timestamp', 'Created At', 0, 0, 0, 0, 0, 0, null, 3);
INSERT INTO homestead.data_rows (id, data_type_id, field, type, display_name, required, browse, `read`, edit, `add`, `delete`, details, `order`) VALUES (19, 3, 'updated_at', 'timestamp', 'Updated At', 0, 0, 0, 0, 0, 0, null, 4);
INSERT INTO homestead.data_rows (id, data_type_id, field, type, display_name, required, browse, `read`, edit, `add`, `delete`, details, `order`) VALUES (20, 3, 'display_name', 'text', 'Display Name', 1, 1, 1, 1, 1, 1, null, 5);
INSERT INTO homestead.data_rows (id, data_type_id, field, type, display_name, required, browse, `read`, edit, `add`, `delete`, details, `order`) VALUES (21, 1, 'role_id', 'text', 'Role', 1, 1, 1, 1, 1, 1, null, 9);
INSERT INTO homestead.data_rows (id, data_type_id, field, type, display_name, required, browse, `read`, edit, `add`, `delete`, details, `order`) VALUES (22, 4, 'id', 'text', 'Id', 1, 0, 0, 0, 0, 0, '{}', 1);
INSERT INTO homestead.data_rows (id, data_type_id, field, type, display_name, required, browse, `read`, edit, `add`, `delete`, details, `order`) VALUES (23, 4, 'image', 'image', 'Image', 1, 1, 1, 1, 1, 1, '{"hide_thumbnails":true,"quality":90,"thumbnails":[{"name":"preview","scale":"70%"}]}', 6);
INSERT INTO homestead.data_rows (id, data_type_id, field, type, display_name, required, browse, `read`, edit, `add`, `delete`, details, `order`) VALUES (24, 4, 'title', 'text', 'Title', 1, 1, 1, 1, 1, 1, '{}', 7);
INSERT INTO homestead.data_rows (id, data_type_id, field, type, display_name, required, browse, `read`, edit, `add`, `delete`, details, `order`) VALUES (25, 4, 'content', 'rich_text_box', 'Content', 1, 1, 1, 1, 1, 1, '{}', 8);
INSERT INTO homestead.data_rows (id, data_type_id, field, type, display_name, required, browse, `read`, edit, `add`, `delete`, details, `order`) VALUES (26, 4, 'gallery', 'media_picker', 'Gallery', 1, 1, 1, 1, 1, 1, '{"max":10,"min":0,"expanded":false,"show_folders":true,"show_toolbar":true,"allow_upload":true,"allow_move":true,"allow_delete":true,"allow_create_folder":true,"allow_rename":true,"allow_crop":true,"allowed":[],"hide_thumbnails":true,"quality":90,"thumbnails":[{"type":"resize","name":"preview","width":500,"height":null}]}', 9);
INSERT INTO homestead.data_rows (id, data_type_id, field, type, display_name, required, browse, `read`, edit, `add`, `delete`, details, `order`) VALUES (27, 4, 'gallery_dimensions', 'text', 'Gallery Dimensions', 1, 0, 0, 0, 0, 0, '{}', 10);
INSERT INTO homestead.data_rows (id, data_type_id, field, type, display_name, required, browse, `read`, edit, `add`, `delete`, details, `order`) VALUES (28, 4, 'type_id', 'text', 'Type Id', 0, 0, 0, 0, 0, 0, '{}', 2);
INSERT INTO homestead.data_rows (id, data_type_id, field, type, display_name, required, browse, `read`, edit, `add`, `delete`, details, `order`) VALUES (29, 4, 'category_id', 'text', 'Category Id', 0, 0, 0, 0, 0, 0, '{}', 3);
INSERT INTO homestead.data_rows (id, data_type_id, field, type, display_name, required, browse, `read`, edit, `add`, `delete`, details, `order`) VALUES (30, 4, 'user_id', 'text', 'User Id', 0, 0, 0, 0, 0, 0, '{}', 4);
INSERT INTO homestead.data_rows (id, data_type_id, field, type, display_name, required, browse, `read`, edit, `add`, `delete`, details, `order`) VALUES (31, 4, 'meta_id', 'text', 'Meta Id', 0, 0, 0, 0, 0, 0, '{}', 5);
INSERT INTO homestead.data_rows (id, data_type_id, field, type, display_name, required, browse, `read`, edit, `add`, `delete`, details, `order`) VALUES (32, 4, 'created_at', 'timestamp', 'Created At', 0, 1, 1, 1, 0, 1, '{}', 11);
INSERT INTO homestead.data_rows (id, data_type_id, field, type, display_name, required, browse, `read`, edit, `add`, `delete`, details, `order`) VALUES (33, 4, 'updated_at', 'timestamp', 'Updated At', 0, 0, 0, 0, 0, 0, '{}', 12);
INSERT INTO homestead.data_types (id, name, slug, display_name_singular, display_name_plural, icon, model_name, policy_name, controller, description, generate_permissions, server_side, details, created_at, updated_at) VALUES (1, 'users', 'users', 'User', 'Users', 'voyager-person', 'TCG\\Voyager\\Models\\User', 'TCG\\Voyager\\Policies\\UserPolicy', 'TCG\\Voyager\\Http\\Controllers\\VoyagerUserController', '', 1, 0, null, '2019-08-25 05:33:52', '2019-08-25 05:33:52');
INSERT INTO homestead.data_types (id, name, slug, display_name_singular, display_name_plural, icon, model_name, policy_name, controller, description, generate_permissions, server_side, details, created_at, updated_at) VALUES (2, 'menus', 'menus', 'Menu', 'Menus', 'voyager-list', 'TCG\\Voyager\\Models\\Menu', null, '', '', 1, 0, null, '2019-08-25 05:33:52', '2019-08-25 05:33:52');
INSERT INTO homestead.data_types (id, name, slug, display_name_singular, display_name_plural, icon, model_name, policy_name, controller, description, generate_permissions, server_side, details, created_at, updated_at) VALUES (3, 'roles', 'roles', 'Role', 'Roles', 'voyager-lock', 'TCG\\Voyager\\Models\\Role', null, '', '', 1, 0, null, '2019-08-25 05:33:52', '2019-08-25 05:33:52');
INSERT INTO homestead.data_types (id, name, slug, display_name_singular, display_name_plural, icon, model_name, policy_name, controller, description, generate_permissions, server_side, details, created_at, updated_at) VALUES (4, 'munrfe_posts', 'munrfe-posts', 'Munrfe Post', 'Munrfe Posts', null, 'App\\MunrfePost', null, 'App\\Http\\Controllers\\Admin\\MunrfePostAdminController', null, 1, 0, '{"order_column":null,"order_display_column":null,"order_direction":"asc","default_search_key":null,"scope":null}', '2019-08-25 05:58:39', '2019-09-29 02:46:43');
INSERT INTO homestead.menu_items (id, menu_id, title, url, target, icon_class, color, parent_id, `order`, created_at, updated_at, route, parameters) VALUES (1, 1, 'Dashboard', '', '_self', 'voyager-boat', null, null, 1, '2019-08-25 05:33:52', '2019-08-25 05:33:52', 'voyager.dashboard', null);
INSERT INTO homestead.menu_items (id, menu_id, title, url, target, icon_class, color, parent_id, `order`, created_at, updated_at, route, parameters) VALUES (2, 1, 'Media', '', '_self', 'voyager-images', null, null, 5, '2019-08-25 05:33:52', '2019-08-25 05:33:52', 'voyager.media.index', null);
INSERT INTO homestead.menu_items (id, menu_id, title, url, target, icon_class, color, parent_id, `order`, created_at, updated_at, route, parameters) VALUES (3, 1, 'Users', '', '_self', 'voyager-person', null, null, 3, '2019-08-25 05:33:52', '2019-08-25 05:33:52', 'voyager.users.index', null);
INSERT INTO homestead.menu_items (id, menu_id, title, url, target, icon_class, color, parent_id, `order`, created_at, updated_at, route, parameters) VALUES (4, 1, 'Roles', '', '_self', 'voyager-lock', null, null, 2, '2019-08-25 05:33:52', '2019-08-25 05:33:52', 'voyager.roles.index', null);
INSERT INTO homestead.menu_items (id, menu_id, title, url, target, icon_class, color, parent_id, `order`, created_at, updated_at, route, parameters) VALUES (5, 1, 'Tools', '', '_self', 'voyager-tools', null, null, 9, '2019-08-25 05:33:52', '2019-08-25 05:33:52', null, null);
INSERT INTO homestead.menu_items (id, menu_id, title, url, target, icon_class, color, parent_id, `order`, created_at, updated_at, route, parameters) VALUES (6, 1, 'Menu Builder', '', '_self', 'voyager-list', null, 5, 10, '2019-08-25 05:33:52', '2019-08-25 05:33:52', 'voyager.menus.index', null);
INSERT INTO homestead.menu_items (id, menu_id, title, url, target, icon_class, color, parent_id, `order`, created_at, updated_at, route, parameters) VALUES (7, 1, 'Database', '', '_self', 'voyager-data', null, 5, 11, '2019-08-25 05:33:52', '2019-08-25 05:33:52', 'voyager.database.index', null);
INSERT INTO homestead.menu_items (id, menu_id, title, url, target, icon_class, color, parent_id, `order`, created_at, updated_at, route, parameters) VALUES (8, 1, 'Compass', '', '_self', 'voyager-compass', null, 5, 12, '2019-08-25 05:33:52', '2019-08-25 05:33:52', 'voyager.compass.index', null);
INSERT INTO homestead.menu_items (id, menu_id, title, url, target, icon_class, color, parent_id, `order`, created_at, updated_at, route, parameters) VALUES (9, 1, 'BREAD', '', '_self', 'voyager-bread', null, 5, 13, '2019-08-25 05:33:52', '2019-08-25 05:33:52', 'voyager.bread.index', null);
INSERT INTO homestead.menu_items (id, menu_id, title, url, target, icon_class, color, parent_id, `order`, created_at, updated_at, route, parameters) VALUES (10, 1, 'Settings', '', '_self', 'voyager-settings', null, null, 14, '2019-08-25 05:33:52', '2019-08-25 05:33:52', 'voyager.settings.index', null);
INSERT INTO homestead.menu_items (id, menu_id, title, url, target, icon_class, color, parent_id, `order`, created_at, updated_at, route, parameters) VALUES (11, 1, 'Hooks', '', '_self', 'voyager-hook', null, 5, 13, '2019-08-25 05:33:52', '2019-08-25 05:33:52', 'voyager.hooks', null);
INSERT INTO homestead.menu_items (id, menu_id, title, url, target, icon_class, color, parent_id, `order`, created_at, updated_at, route, parameters) VALUES (12, 1, 'Munrfe Posts', '', '_self', null, null, null, 15, '2019-08-25 05:58:39', '2019-08-25 05:58:39', 'voyager.munrfe-posts.index', null);
INSERT INTO homestead.menu_items (id, menu_id, title, url, target, icon_class, color, parent_id, `order`, created_at, updated_at, route, parameters) VALUES (13, 1, 'Posts', 'http://munrfe.loc/admin/munrfe-posts', '_self', null, '#000000', null, 16, '2019-09-22 09:28:27', '2019-09-22 09:28:27', null, '');
INSERT INTO homestead.menus (id, name, created_at, updated_at) VALUES (1, 'admin', '2019-08-25 05:33:52', '2019-08-25 05:33:52');
INSERT INTO homestead.migrations (id, migration, batch) VALUES (1, '2014_10_12_000000_create_users_table', 1);
INSERT INTO homestead.migrations (id, migration, batch) VALUES (2, '2014_10_12_100000_create_password_resets_table', 1);
INSERT INTO homestead.migrations (id, migration, batch) VALUES (3, '2016_01_01_000000_add_voyager_user_fields', 1);
INSERT INTO homestead.migrations (id, migration, batch) VALUES (4, '2016_01_01_000000_create_data_types_table', 1);
INSERT INTO homestead.migrations (id, migration, batch) VALUES (5, '2016_05_19_173453_create_menu_table', 1);
INSERT INTO homestead.migrations (id, migration, batch) VALUES (6, '2016_10_21_190000_create_roles_table', 1);
INSERT INTO homestead.migrations (id, migration, batch) VALUES (7, '2016_10_21_190000_create_settings_table', 1);
INSERT INTO homestead.migrations (id, migration, batch) VALUES (8, '2016_11_30_135954_create_permission_table', 1);
INSERT INTO homestead.migrations (id, migration, batch) VALUES (9, '2016_11_30_141208_create_permission_role_table', 1);
INSERT INTO homestead.migrations (id, migration, batch) VALUES (10, '2016_12_26_201236_data_types__add__server_side', 1);
INSERT INTO homestead.migrations (id, migration, batch) VALUES (11, '2017_01_13_000000_add_route_to_menu_items_table', 1);
INSERT INTO homestead.migrations (id, migration, batch) VALUES (12, '2017_01_14_005015_create_translations_table', 1);
INSERT INTO homestead.migrations (id, migration, batch) VALUES (13, '2017_01_15_000000_make_table_name_nullable_in_permissions_table', 1);
INSERT INTO homestead.migrations (id, migration, batch) VALUES (14, '2017_03_06_000000_add_controller_to_data_types_table', 1);
INSERT INTO homestead.migrations (id, migration, batch) VALUES (15, '2017_04_21_000000_add_order_to_data_rows_table', 1);
INSERT INTO homestead.migrations (id, migration, batch) VALUES (16, '2017_07_05_210000_add_policyname_to_data_types_table', 1);
INSERT INTO homestead.migrations (id, migration, batch) VALUES (17, '2017_08_05_000000_add_group_to_settings_table', 1);
INSERT INTO homestead.migrations (id, migration, batch) VALUES (18, '2017_11_26_013050_add_user_role_relationship', 1);
INSERT INTO homestead.migrations (id, migration, batch) VALUES (19, '2017_11_26_015000_create_user_roles_table', 1);
INSERT INTO homestead.migrations (id, migration, batch) VALUES (20, '2018_03_11_000000_add_user_settings', 1);
INSERT INTO homestead.migrations (id, migration, batch) VALUES (21, '2018_03_14_000000_add_details_to_data_types_table', 1);
INSERT INTO homestead.migrations (id, migration, batch) VALUES (22, '2018_03_16_000000_make_settings_value_nullable', 1);
INSERT INTO homestead.migrations (id, migration, batch) VALUES (23, '2019_04_28_070309_create_types_table', 2);
INSERT INTO homestead.migrations (id, migration, batch) VALUES (24, '2019_04_28_070413_create_categories_table', 2);
INSERT INTO homestead.migrations (id, migration, batch) VALUES (25, '2019_04_28_070434_create_meta_table', 2);
INSERT INTO homestead.migrations (id, migration, batch) VALUES (26, '2019_05_04_022352_create-posts-table', 2);
INSERT INTO homestead.migrations (id, migration, batch) VALUES (27, '2019_05_15_124953_create_table', 2);
INSERT INTO homestead.munrfe_posts (id, image, title, content, gallery, gallery_dimensions, type_id, category_id, user_id, meta_id, created_at, updated_at) VALUES (1, 'munrfe-posts\\September2019\\games-dota-2-48400[2]-preview.jpg', 'test', '<p class="blockParagraph-544a408c" data-key="e2cf6645c2cb4dcd8fd439b4b01d3850"><span class="text-4505230f--TextH400-3033861f--textContentFamily-49a318e1">The image input has many options. By default if you do not specify any options no problem... Your image will still be uploaded. But, if you want to resize an image, set the quality of the image, or specify thumbnails for the uploaded image you will need to specify those details.</span></p>
<p class="blockParagraph-544a408c" data-key="f7670b2bd9734020843d6c015c46f83e"><span class="text-4505230f--TextH400-3033861f--textContentFamily-49a318e1"><span data-key="9a28ce115ad84070a03536ad7421549c"><span data-offset-key="9a28ce115ad84070a03536ad7421549c:0"><strong class="bold-3c254bd9" data-slate-leaf="true">resize</strong></span><span data-offset-key="9a28ce115ad84070a03536ad7421549c:1"> If you want to specify a size you will need to include that in the </span><span data-offset-key="9a28ce115ad84070a03536ad7421549c:2"><code class="code-81e98f88" spellcheck="false" data-slate-leaf="true">resize</code></span><span data-offset-key="9a28ce115ad84070a03536ad7421549c:3"> object. If you set either </span><span data-offset-key="9a28ce115ad84070a03536ad7421549c:4"><strong class="bold-3c254bd9" data-slate-leaf="true">height</strong></span><span data-offset-key="9a28ce115ad84070a03536ad7421549c:5"> or </span><span data-offset-key="9a28ce115ad84070a03536ad7421549c:6"><strong class="bold-3c254bd9" data-slate-leaf="true">width</strong></span><span data-offset-key="9a28ce115ad84070a03536ad7421549c:7"> to null it will keep the aspect ratio based on the width or height that is set. So, for the example above the </span><span data-offset-key="9a28ce115ad84070a03536ad7421549c:8"><code class="code-81e98f88" spellcheck="false" data-slate-leaf="true">width</code></span><span data-offset-key="9a28ce115ad84070a03536ad7421549c:9"> is set to </span><span data-offset-key="9a28ce115ad84070a03536ad7421549c:10"><code class="code-81e98f88" spellcheck="false" data-slate-leaf="true">1000</code></span><span data-offset-key="9a28ce115ad84070a03536ad7421549c:11"> pixels and since the </span><span data-offset-key="9a28ce115ad84070a03536ad7421549c:12"><code class="code-81e98f88" spellcheck="false" data-slate-leaf="true">height</code></span><span data-offset-key="9a28ce115ad84070a03536ad7421549c:13"> is set to </span><span data-offset-key="9a28ce115ad84070a03536ad7421549c:14"><code class="code-81e98f88" spellcheck="false" data-slate-leaf="true">null</code></span><span data-offset-key="9a28ce115ad84070a03536ad7421549c:15"> it will resize the image width to 1000 pixels and resize the height based on the current aspect ratio.</span></span></span></p>
<p class="blockParagraph-544a408c" data-key="548d20ff781247cfbfbcd0898544decb"><span class="text-4505230f--TextH400-3033861f--textContentFamily-49a318e1"><span data-key="5e67dcea4fab41229305605235897031"><span data-offset-key="5e67dcea4fab41229305605235897031:0"><strong class="bold-3c254bd9" data-slate-leaf="true">quality</strong></span><span data-offset-key="5e67dcea4fab41229305605235897031:1"> If you wish to compress the image with a percentage quality you can specify that percentage in the </span><span data-offset-key="5e67dcea4fab41229305605235897031:2"><code class="code-81e98f88" spellcheck="false" data-slate-leaf="true">quality</code></span><span data-offset-key="5e67dcea4fab41229305605235897031:3"> key. Typically between 70 and 100% there is little notice of image quality, but the image size may be dramatically lower.</span></span></span></p>
<p class="blockParagraph-544a408c" data-key="e2ab693e672945d28bfb2f699ef5a3a2"><span class="text-4505230f--TextH400-3033861f--textContentFamily-49a318e1"><span data-key="be903040fcf94188997e0581a085d1b5"><span data-offset-key="be903040fcf94188997e0581a085d1b5:0"><strong class="bold-3c254bd9" data-slate-leaf="true">upsize</strong></span><span data-offset-key="be903040fcf94188997e0581a085d1b5:1"> This is only valid if you have set your image to be resized. If you specify your image to resized to 1000 pixels and the image is smaller than 1000 pixels by default it will not upsize that image to the 1000 pixels; however, if you set </span><span data-offset-key="be903040fcf94188997e0581a085d1b5:2"><code class="code-81e98f88" spellcheck="false" data-slate-leaf="true">upsize</code></span><span data-offset-key="be903040fcf94188997e0581a085d1b5:3"> to true. It will upsize all images to your specified resize values.</span></span></span></p>
<p class="blockParagraph-544a408c" data-key="df668e949ba6493b9e8f2ca82ee63b33" data-slate-fragment="JTdCJTIyb2JqZWN0JTIyJTNBJTIyZG9jdW1lbnQlMjIlMkMlMjJkYXRhJTIyJTNBJTdCJTdEJTJDJTIybm9kZXMlMjIlM0ElNUIlN0IlMjJvYmplY3QlMjIlM0ElMjJibG9jayUyMiUyQyUyMnR5cGUlMjIlM0ElMjJwYXJhZ3JhcGglMjIlMkMlMjJpc1ZvaWQlMjIlM0FmYWxzZSUyQyUyMmRhdGElMjIlM0ElN0IlN0QlMkMlMjJub2RlcyUyMiUzQSU1QiU3QiUyMm9iamVjdCUyMiUzQSUyMnRleHQlMjIlMkMlMjJsZWF2ZXMlMjIlM0ElNUIlN0IlMjJvYmplY3QlMjIlM0ElMjJsZWFmJTIyJTJDJTIydGV4dCUyMiUzQSUyMlRoZSUyMGltYWdlJTIwaW5wdXQlMjBoYXMlMjBtYW55JTIwb3B0aW9ucy4lMjBCeSUyMGRlZmF1bHQlMjBpZiUyMHlvdSUyMGRvJTIwbm90JTIwc3BlY2lmeSUyMGFueSUyMG9wdGlvbnMlMjBubyUyMHByb2JsZW0uLi4lMjBZb3VyJTIwaW1hZ2UlMjB3aWxsJTIwc3RpbGwlMjBiZSUyMHVwbG9hZGVkLiUyMEJ1dCUyQyUyMGlmJTIweW91JTIwd2FudCUyMHRvJTIwcmVzaXplJTIwYW4lMjBpbWFnZSUyQyUyMHNldCUyMHRoZSUyMHF1YWxpdHklMjBvZiUyMHRoZSUyMGltYWdlJTJDJTIwb3IlMjBzcGVjaWZ5JTIwdGh1bWJuYWlscyUyMGZvciUyMHRoZSUyMHVwbG9hZGVkJTIwaW1hZ2UlMjB5b3UlMjB3aWxsJTIwbmVlZCUyMHRvJTIwc3BlY2lmeSUyMHRob3NlJTIwZGV0YWlscy4lMjIlMkMlMjJtYXJrcyUyMiUzQSU1QiU1RCU3RCU1RCU3RCU1RCU3RCUyQyU3QiUyMm9iamVjdCUyMiUzQSUyMmJsb2NrJTIyJTJDJTIydHlwZSUyMiUzQSUyMnBhcmFncmFwaCUyMiUyQyUyMmlzVm9pZCUyMiUzQWZhbHNlJTJDJTIyZGF0YSUyMiUzQSU3QiU3RCUyQyUyMm5vZGVzJTIyJTNBJTVCJTdCJTIyb2JqZWN0JTIyJTNBJTIydGV4dCUyMiUyQyUyMmxlYXZlcyUyMiUzQSU1QiU3QiUyMm9iamVjdCUyMiUzQSUyMmxlYWYlMjIlMkMlMjJ0ZXh0JTIyJTNBJTIycmVzaXplJTIyJTJDJTIybWFya3MlMjIlM0ElNUIlN0IlMjJvYmplY3QlMjIlM0ElMjJtYXJrJTIyJTJDJTIydHlwZSUyMiUzQSUyMmJvbGQlMjIlMkMlMjJkYXRhJTIyJTNBJTdCJTdEJTdEJTVEJTdEJTJDJTdCJTIyb2JqZWN0JTIyJTNBJTIybGVhZiUyMiUyQyUyMnRleHQlMjIlM0ElMjIlMjBJZiUyMHlvdSUyMHdhbnQlMjB0byUyMHNwZWNpZnklMjBhJTIwc2l6ZSUyMHlvdSUyMHdpbGwlMjBuZWVkJTIwdG8lMjBpbmNsdWRlJTIwdGhhdCUyMGluJTIwdGhlJTIwJTIyJTJDJTIybWFya3MlMjIlM0ElNUIlNUQlN0QlMkMlN0IlMjJvYmplY3QlMjIlM0ElMjJsZWFmJTIyJTJDJTIydGV4dCUyMiUzQSUyMnJlc2l6ZSUyMiUyQyUyMm1hcmtzJTIyJTNBJTVCJTdCJTIyb2JqZWN0JTIyJTNBJTIybWFyayUyMiUyQyUyMnR5cGUlMjIlM0ElMjJjb2RlJTIyJTJDJTIyZGF0YSUyMiUzQSU3QiU3RCU3RCU1RCU3RCUyQyU3QiUyMm9iamVjdCUyMiUzQSUyMmxlYWYlMjIlMkMlMjJ0ZXh0JTIyJTNBJTIyJTIwb2JqZWN0LiUyMElmJTIweW91JTIwc2V0JTIwZWl0aGVyJTIwJTIyJTJDJTIybWFya3MlMjIlM0ElNUIlNUQlN0QlMkMlN0IlMjJvYmplY3QlMjIlM0ElMjJsZWFmJTIyJTJDJTIydGV4dCUyMiUzQSUyMmhlaWdodCUyMiUyQyUyMm1hcmtzJTIyJTNBJTVCJTdCJTIyb2JqZWN0JTIyJTNBJTIybWFyayUyMiUyQyUyMnR5cGUlMjIlM0ElMjJib2xkJTIyJTJDJTIyZGF0YSUyMiUzQSU3QiU3RCU3RCU1RCU3RCUyQyU3QiUyMm9iamVjdCUyMiUzQSUyMmxlYWYlMjIlMkMlMjJ0ZXh0JTIyJTNBJTIyJTIwb3IlMjAlMjIlMkMlMjJtYXJrcyUyMiUzQSU1QiU1RCU3RCUyQyU3QiUyMm9iamVjdCUyMiUzQSUyMmxlYWYlMjIlMkMlMjJ0ZXh0JTIyJTNBJTIyd2lkdGglMjIlMkMlMjJtYXJrcyUyMiUzQSU1QiU3QiUyMm9iamVjdCUyMiUzQSUyMm1hcmslMjIlMkMlMjJ0eXBlJTIyJTNBJTIyYm9sZCUyMiUyQyUyMmRhdGElMjIlM0ElN0IlN0QlN0QlNUQlN0QlMkMlN0IlMjJvYmplY3QlMjIlM0ElMjJsZWFmJTIyJTJDJTIydGV4dCUyMiUzQSUyMiUyMHRvJTIwbnVsbCUyMGl0JTIwd2lsbCUyMGtlZXAlMjB0aGUlMjBhc3BlY3QlMjByYXRpbyUyMGJhc2VkJTIwb24lMjB0aGUlMjB3aWR0aCUyMG9yJTIwaGVpZ2h0JTIwdGhhdCUyMGlzJTIwc2V0LiUyMFNvJTJDJTIwZm9yJTIwdGhlJTIwZXhhbXBsZSUyMGFib3ZlJTIwdGhlJTIwJTIyJTJDJTIybWFya3MlMjIlM0ElNUIlNUQlN0QlMkMlN0IlMjJvYmplY3QlMjIlM0ElMjJsZWFmJTIyJTJDJTIydGV4dCUyMiUzQSUyMndpZHRoJTIyJTJDJTIybWFya3MlMjIlM0ElNUIlN0IlMjJvYmplY3QlMjIlM0ElMjJtYXJrJTIyJTJDJTIydHlwZSUyMiUzQSUyMmNvZGUlMjIlMkMlMjJkYXRhJTIyJTNBJTdCJTdEJTdEJTVEJTdEJTJDJTdCJTIyb2JqZWN0JTIyJTNBJTIybGVhZiUyMiUyQyUyMnRleHQlMjIlM0ElMjIlMjBpcyUyMHNldCUyMHRvJTIwJTIyJTJDJTIybWFya3MlMjIlM0ElNUIlNUQlN0QlMkMlN0IlMjJvYmplY3QlMjIlM0ElMjJsZWFmJTIyJTJDJTIydGV4dCUyMiUzQSUyMjEwMDAlMjIlMkMlMjJtYXJrcyUyMiUzQSU1QiU3QiUyMm9iamVjdCUyMiUzQSUyMm1hcmslMjIlMkMlMjJ0eXBlJTIyJTNBJTIyY29kZSUyMiUyQyUyMmRhdGElMjIlM0ElN0IlN0QlN0QlNUQlN0QlMkMlN0IlMjJvYmplY3QlMjIlM0ElMjJsZWFmJTIyJTJDJTIydGV4dCUyMiUzQSUyMiUyMHBpeGVscyUyMGFuZCUyMHNpbmNlJTIwdGhlJTIwJTIyJTJDJTIybWFya3MlMjIlM0ElNUIlNUQlN0QlMkMlN0IlMjJvYmplY3QlMjIlM0ElMjJsZWFmJTIyJTJDJTIydGV4dCUyMiUzQSUyMmhlaWdodCUyMiUyQyUyMm1hcmtzJTIyJTNBJTVCJTdCJTIyb2JqZWN0JTIyJTNBJTIybWFyayUyMiUyQyUyMnR5cGUlMjIlM0ElMjJjb2RlJTIyJTJDJTIyZGF0YSUyMiUzQSU3QiU3RCU3RCU1RCU3RCUyQyU3QiUyMm9iamVjdCUyMiUzQSUyMmxlYWYlMjIlMkMlMjJ0ZXh0JTIyJTNBJTIyJTIwaXMlMjBzZXQlMjB0byUyMCUyMiUyQyUyMm1hcmtzJTIyJTNBJTVCJTVEJTdEJTJDJTdCJTIyb2JqZWN0JTIyJTNBJTIybGVhZiUyMiUyQyUyMnRleHQlMjIlM0ElMjJudWxsJTIyJTJDJTIybWFya3MlMjIlM0ElNUIlN0IlMjJvYmplY3QlMjIlM0ElMjJtYXJrJTIyJTJDJTIydHlwZSUyMiUzQSUyMmNvZGUlMjIlMkMlMjJkYXRhJTIyJTNBJTdCJTdEJTdEJTVEJTdEJTJDJTdCJTIyb2JqZWN0JTIyJTNBJTIybGVhZiUyMiUyQyUyMnRleHQlMjIlM0ElMjIlMjBpdCUyMHdpbGwlMjByZXNpemUlMjB0aGUlMjBpbWFnZSUyMHdpZHRoJTIwdG8lMjAxMDAwJTIwcGl4ZWxzJTIwYW5kJTIwcmVzaXplJTIwdGhlJTIwaGVpZ2h0JTIwYmFzZWQlMjBvbiUyMHRoZSUyMGN1cnJlbnQlMjBhc3BlY3QlMjByYXRpby4lMjIlMkMlMjJtYXJrcyUyMiUzQSU1QiU1RCU3RCU1RCU3RCU1RCU3RCUyQyU3QiUyMm9iamVjdCUyMiUzQSUyMmJsb2NrJTIyJTJDJTIydHlwZSUyMiUzQSUyMnBhcmFncmFwaCUyMiUyQyUyMmlzVm9pZCUyMiUzQWZhbHNlJTJDJTIyZGF0YSUyMiUzQSU3QiU3RCUyQyUyMm5vZGVzJTIyJTNBJTVCJTdCJTIyb2JqZWN0JTIyJTNBJTIydGV4dCUyMiUyQyUyMmxlYXZlcyUyMiUzQSU1QiU3QiUyMm9iamVjdCUyMiUzQSUyMmxlYWYlMjIlMkMlMjJ0ZXh0JTIyJTNBJTIycXVhbGl0eSUyMiUyQyUyMm1hcmtzJTIyJTNBJTVCJTdCJTIyb2JqZWN0JTIyJTNBJTIybWFyayUyMiUyQyUyMnR5cGUlMjIlM0ElMjJib2xkJTIyJTJDJTIyZGF0YSUyMiUzQSU3QiU3RCU3RCU1RCU3RCUyQyU3QiUyMm9iamVjdCUyMiUzQSUyMmxlYWYlMjIlMkMlMjJ0ZXh0JTIyJTNBJTIyJTIwSWYlMjB5b3UlMjB3aXNoJTIwdG8lMjBjb21wcmVzcyUyMHRoZSUyMGltYWdlJTIwd2l0aCUyMGElMjBwZXJjZW50YWdlJTIwcXVhbGl0eSUyMHlvdSUyMGNhbiUyMHNwZWNpZnklMjB0aGF0JTIwcGVyY2VudGFnZSUyMGluJTIwdGhlJTIwJTIyJTJDJTIybWFya3MlMjIlM0ElNUIlNUQlN0QlMkMlN0IlMjJvYmplY3QlMjIlM0ElMjJsZWFmJTIyJTJDJTIydGV4dCUyMiUzQSUyMnF1YWxpdHklMjIlMkMlMjJtYXJrcyUyMiUzQSU1QiU3QiUyMm9iamVjdCUyMiUzQSUyMm1hcmslMjIlMkMlMjJ0eXBlJTIyJTNBJTIyY29kZSUyMiUyQyUyMmRhdGElMjIlM0ElN0IlN0QlN0QlNUQlN0QlMkMlN0IlMjJvYmplY3QlMjIlM0ElMjJsZWFmJTIyJTJDJTIydGV4dCUyMiUzQSUyMiUyMGtleS4lMjBUeXBpY2FsbHklMjBiZXR3ZWVuJTIwNzAlMjBhbmQlMjAxMDAlMjUlMjB0aGVyZSUyMGlzJTIwbGl0dGxlJTIwbm90aWNlJTIwb2YlMjBpbWFnZSUyMHF1YWxpdHklMkMlMjBidXQlMjB0aGUlMjBpbWFnZSUyMHNpemUlMjBtYXklMjBiZSUyMGRyYW1hdGljYWxseSUyMGxvd2VyLiUyMiUyQyUyMm1hcmtzJTIyJTNBJTVCJTVEJTdEJTVEJTdEJTVEJTdEJTJDJTdCJTIyb2JqZWN0JTIyJTNBJTIyYmxvY2slMjIlMkMlMjJ0eXBlJTIyJTNBJTIycGFyYWdyYXBoJTIyJTJDJTIyaXNWb2lkJTIyJTNBZmFsc2UlMkMlMjJkYXRhJTIyJTNBJTdCJTdEJTJDJTIybm9kZXMlMjIlM0ElNUIlN0IlMjJvYmplY3QlMjIlM0ElMjJ0ZXh0JTIyJTJDJTIybGVhdmVzJTIyJTNBJTVCJTdCJTIyb2JqZWN0JTIyJTNBJTIybGVhZiUyMiUyQyUyMnRleHQlMjIlM0ElMjJ1cHNpemUlMjIlMkMlMjJtYXJrcyUyMiUzQSU1QiU3QiUyMm9iamVjdCUyMiUzQSUyMm1hcmslMjIlMkMlMjJ0eXBlJTIyJTNBJTIyYm9sZCUyMiUyQyUyMmRhdGElMjIlM0ElN0IlN0QlN0QlNUQlN0QlMkMlN0IlMjJvYmplY3QlMjIlM0ElMjJsZWFmJTIyJTJDJTIydGV4dCUyMiUzQSUyMiUyMFRoaXMlMjBpcyUyMG9ubHklMjB2YWxpZCUyMGlmJTIweW91JTIwaGF2ZSUyMHNldCUyMHlvdXIlMjBpbWFnZSUyMHRvJTIwYmUlMjByZXNpemVkLiUyMElmJTIweW91JTIwc3BlY2lmeSUyMHlvdXIlMjBpbWFnZSUyMHRvJTIwcmVzaXplZCUyMHRvJTIwMTAwMCUyMHBpeGVscyUyMGFuZCUyMHRoZSUyMGltYWdlJTIwaXMlMjBzbWFsbGVyJTIwdGhhbiUyMDEwMDAlMjBwaXhlbHMlMjBieSUyMGRlZmF1bHQlMjBpdCUyMHdpbGwlMjBub3QlMjB1cHNpemUlMjB0aGF0JTIwaW1hZ2UlMjB0byUyMHRoZSUyMDEwMDAlMjBwaXhlbHMlM0IlMjBob3dldmVyJTJDJTIwaWYlMjB5b3UlMjBzZXQlMjAlMjIlMkMlMjJtYXJrcyUyMiUzQSU1QiU1RCU3RCUyQyU3QiUyMm9iamVjdCUyMiUzQSUyMmxlYWYlMjIlMkMlMjJ0ZXh0JTIyJTNBJTIydXBzaXplJTIyJTJDJTIybWFya3MlMjIlM0ElNUIlN0IlMjJvYmplY3QlMjIlM0ElMjJtYXJrJTIyJTJDJTIydHlwZSUyMiUzQSUyMmNvZGUlMjIlMkMlMjJkYXRhJTIyJTNBJTdCJTdEJTdEJTVEJTdEJTJDJTdCJTIyb2JqZWN0JTIyJTNBJTIybGVhZiUyMiUyQyUyMnRleHQlMjIlM0ElMjIlMjB0byUyMHRydWUuJTIwSXQlMjB3aWxsJTIwdXBzaXplJTIwYWxsJTIwaW1hZ2VzJTIwdG8lMjB5b3VyJTIwc3BlY2lmaWVkJTIwcmVzaXplJTIwdmFsdWVzLiUyMiUyQyUyMm1hcmtzJTIyJTNBJTVCJTVEJTdEJTVEJTdEJTVEJTdEJTJDJTdCJTIyb2JqZWN0JTIyJTNBJTIyYmxvY2slMjIlMkMlMjJ0eXBlJTIyJTNBJTIycGFyYWdyYXBoJTIyJTJDJTIyaXNWb2lkJTIyJTNBZmFsc2UlMkMlMjJkYXRhJTIyJTNBJTdCJTdEJTJDJTIybm9kZXMlMjIlM0ElNUIlN0IlMjJvYmplY3QlMjIlM0ElMjJ0ZXh0JTIyJTJDJTIybGVhdmVzJTIyJTNBJTVCJTdCJTIyb2JqZWN0JTIyJTNBJTIybGVhZiUyMiUyQyUyMnRleHQlMjIlM0ElMjJ0aHVtYm5haWxzJTIyJTJDJTIybWFya3MlMjIlM0ElNUIlN0IlMjJvYmplY3QlMjIlM0ElMjJtYXJrJTIyJTJDJTIydHlwZSUyMiUzQSUyMmJvbGQlMjIlMkMlMjJkYXRhJTIyJTNBJTdCJTdEJTdEJTVEJTdEJTJDJTdCJTIyb2JqZWN0JTIyJTNBJTIybGVhZiUyMiUyQyUyMnRleHQlMjIlM0ElMjIlMjBUaHVtYm5haWxzJTIwdGFrZXMlMjBhbiUyMGFycmF5JTIwb2YlMjBvYmplY3RzLiUyMEVhY2glMjBvYmplY3QlMjBpcyUyMGElMjBuZXclMjB0aHVtYm5haWwlMjB0aGF0JTIwaXMlMjBjcmVhdGVkLiUyMEVhY2glMjBvYmplY3QlMjBjb250YWlucyUyMDIlMjB2YWx1ZXMlMkMlMjB0aGUlMjAlMjIlMkMlMjJtYXJrcyUyMiUzQSU1QiU1RCU3RCUyQyU3QiUyMm9iamVjdCUyMiUzQSUyMmxlYWYlMjIlMkMlMjJ0ZXh0JTIyJTNBJTIybmFtZSUyMiUyQyUyMm1hcmtzJTIyJTNBJTVCJTdCJTIyb2JqZWN0JTIyJTNBJTIybWFyayUyMiUyQyUyMnR5cGUlMjIlM0ElMjJjb2RlJTIyJTJDJTIyZGF0YSUyMiUzQSU3QiU3RCU3RCU1RCU3RCUyQyU3QiUyMm9iamVjdCUyMiUzQSUyMmxlYWYlMjIlMkMlMjJ0ZXh0JTIyJTNBJTIyJTIwYW5kJTIwJTIyJTJDJTIybWFya3MlMjIlM0ElNUIlNUQlN0QlMkMlN0IlMjJvYmplY3QlMjIlM0ElMjJsZWFmJTIyJTJDJTIydGV4dCUyMiUzQSUyMnNjYWxlJTIyJTJDJTIybWFya3MlMjIlM0ElNUIlN0IlMjJvYmplY3QlMjIlM0ElMjJtYXJrJTIyJTJDJTIydHlwZSUyMiUzQSUyMmNvZGUlMjIlMkMlMjJkYXRhJTIyJTNBJTdCJTdEJTdEJTVEJTdEJTJDJTdCJTIyb2JqZWN0JTIyJTNBJTIybGVhZiUyMiUyQyUyMnRleHQlMjIlM0ElMjIlMjBwZXJjZW50YWdlLiUyMFRoZSUyMCUyMiUyQyUyMm1hcmtzJTIyJTNBJTVCJTVEJTdEJTJDJTdCJTIyb2JqZWN0JTIyJTNBJTIybGVhZiUyMiUyQyUyMnRleHQlMjIlM0ElMjJuYW1lJTIyJTJDJTIybWFya3MlMjIlM0ElNUIlN0IlMjJvYmplY3QlMjIlM0ElMjJtYXJrJTIyJTJDJTIydHlwZSUyMiUzQSUyMmNvZGUlMjIlMkMlMjJkYXRhJTIyJTNBJTdCJTdEJTdEJTVEJTdEJTJDJTdCJTIyb2JqZWN0JTIyJTNBJTIybGVhZiUyMiUyQyUyMnRleHQlMjIlM0ElMjIlMjB3aWxsJTIwYmUlMjBhdHRhY2hlZCUyMHRvJTIweW91ciUyMHRodW1ibmFpbCUyMGltYWdlJTIwKGFzJTIwYW4lMjBleGFtcGxlJTIwc2F5JTIwdGhlJTIwaW1hZ2UlMjB5b3UlMjB1cGxvYWRlZCUyMHdhcyUyMEFCQy5qcGclMjBhJTIwdGh1bWJuYWlsJTIwd2l0aCUyMHRoZSUyMCUyMiUyQyUyMm1hcmtzJTIyJTNBJTVCJTVEJTdEJTJDJTdCJTIyb2JqZWN0JTIyJTNBJTIybGVhZiUyMiUyQyUyMnRleHQlMjIlM0ElMjJuYW1lJTIyJTJDJTIybWFya3MlMjIlM0ElNUIlN0IlMjJvYmplY3QlMjIlM0ElMjJtYXJrJTIyJTJDJTIydHlwZSUyMiUzQSUyMmNvZGUlMjIlMkMlMjJkYXRhJTIyJTNBJTdCJTdEJTdEJTVEJTdEJTJDJTdCJTIyb2JqZWN0JTIyJTNBJTIybGVhZiUyMiUyQyUyMnRleHQlMjIlM0ElMjIlMjBvZiUyMCUyMiUyQyUyMm1hcmtzJTIyJTNBJTVCJTVEJTdEJTJDJTdCJTIyb2JqZWN0JTIyJTNBJTIybGVhZiUyMiUyQyUyMnRleHQlMjIlM0ElMjJtZWRpdW0lMjIlMkMlMjJtYXJrcyUyMiUzQSU1QiU3QiUyMm9iamVjdCUyMiUzQSUyMm1hcmslMjIlMkMlMjJ0eXBlJTIyJTNBJTIyY29kZSUyMiUyQyUyMmRhdGElMjIlM0ElN0IlN0QlN0QlNUQlN0QlMkMlN0IlMjJvYmplY3QlMjIlM0ElMjJsZWFmJTIyJTJDJTIydGV4dCUyMiUzQSUyMiUyMHdvdWxkJTIwbm93JTIwYmUlMjBjcmVhdGVkJTIwYXQlMjBBQkMtbWVkaXVtLmpwZykuJTIwVGhlJTIwJTIyJTJDJTIybWFya3MlMjIlM0ElNUIlNUQlN0QlMkMlN0IlMjJvYmplY3QlMjIlM0ElMjJsZWFmJTIyJTJDJTIydGV4dCUyMiUzQSUyMnNjYWxlJTIyJTJDJTIybWFya3MlMjIlM0ElNUIlN0IlMjJvYmplY3QlMjIlM0ElMjJtYXJrJTIyJTJDJTIydHlwZSUyMiUzQSUyMmNvZGUlMjIlMkMlMjJkYXRhJTIyJTNBJTdCJTdEJTdEJTVEJTdEJTJDJTdCJTIyb2JqZWN0JTIyJTNBJTIybGVhZiUyMiUyQyUyMnRleHQlMjIlM0ElMjIlMjBpcyUyMHRoZSUyMHBlcmNlbnRhZ2UlMjBhbW91bnQlMjB5b3UlMjB3YW50JTIwdGhhdCUyMHRodW1ibmFpbCUyMHRvJTIwc2NhbGUuJTIwVGhpcyUyMHZhbHVlJTIwd2lsbCUyMGJlJTIwYSUyMHBlcmNlbnRhZ2UlMjBvZiUyMHRoZSUyMCUyMiUyQyUyMm1hcmtzJTIyJTNBJTVCJTVEJTdEJTJDJTdCJTIyb2JqZWN0JTIyJTNBJTIybGVhZiUyMiUyQyUyMnRleHQlMjIlM0ElMjJyZXNpemUlMjIlMkMlMjJtYXJrcyUyMiUzQSU1QiU3QiUyMm9iamVjdCUyMiUzQSUyMm1hcmslMjIlMkMlMjJ0eXBlJTIyJTNBJTIyaXRhbGljJTIyJTJDJTIyZGF0YSUyMiUzQSU3QiU3RCU3RCU1RCU3RCUyQyU3QiUyMm9iamVjdCUyMiUzQSUyMmxlYWYlMjIlMkMlMjJ0ZXh0JTIyJTNBJTIyJTIwd2lkdGglMjBhbmQlMjBoZWlnaHQlMjBpZiUyMHNwZWNpZmllZCUyMiUyQyUyMm1hcmtzJTIyJTNBJTVCJTVEJTdEJTVEJTdEJTVEJTdEJTVEJTdE"><span class="text-4505230f--TextH400-3033861f--textContentFamily-49a318e1"><span data-key="d32fab7e76384144b86081f6a7fb45a4"><span data-offset-key="d32fab7e76384144b86081f6a7fb45a4:0"><strong class="bold-3c254bd9" data-slate-leaf="true">thumbnails</strong></span><span data-offset-key="d32fab7e76384144b86081f6a7fb45a4:1"> Thumbnails takes an array of objects. Each object is a new thumbnail that is created. Each object contains 2 values, the </span><span data-offset-key="d32fab7e76384144b86081f6a7fb45a4:2"><code class="code-81e98f88" spellcheck="false" data-slate-leaf="true">name</code></span><span data-offset-key="d32fab7e76384144b86081f6a7fb45a4:3"> and </span><span data-offset-key="d32fab7e76384144b86081f6a7fb45a4:4"><code class="code-81e98f88" spellcheck="false" data-slate-leaf="true">scale</code></span><span data-offset-key="d32fab7e76384144b86081f6a7fb45a4:5"> percentage. The </span><span data-offset-key="d32fab7e76384144b86081f6a7fb45a4:6"><code class="code-81e98f88" spellcheck="false" data-slate-leaf="true">name</code></span><span data-offset-key="d32fab7e76384144b86081f6a7fb45a4:7"> will be attached to your thumbnail image (as an example say the image you uploaded was ABC.jpg a thumbnail with the </span><span data-offset-key="d32fab7e76384144b86081f6a7fb45a4:8"><code class="code-81e98f88" spellcheck="false" data-slate-leaf="true">name</code></span><span data-offset-key="d32fab7e76384144b86081f6a7fb45a4:9"> of </span><span data-offset-key="d32fab7e76384144b86081f6a7fb45a4:10"><code class="code-81e98f88" spellcheck="false" data-slate-leaf="true">medium</code></span><span data-offset-key="d32fab7e76384144b86081f6a7fb45a4:11"> would now be created at ABC-medium.jpg). The </span><span data-offset-key="d32fab7e76384144b86081f6a7fb45a4:12"><code class="code-81e98f88" spellcheck="false" data-slate-leaf="true">scale</code></span><span data-offset-key="d32fab7e76384144b86081f6a7fb45a4:13"> is the percentage amount you want that thumbnail to scale. This value will be a percentage of the </span><span data-offset-key="d32fab7e76384144b86081f6a7fb45a4:14"><em data-slate-leaf="true">resize</em></span><span data-offset-key="d32fab7e76384144b86081f6a7fb45a4:15"> width and height if specified</span></span></span></p>', '["munrfe-posts/games-dota-2-48400[1].jpg","munrfe-posts/e9504830011f2e3a8f95eec98361e812[1].jpg","munrfe-posts/s1200[1].png","munrfe-posts/tinyprestzw_rrcreeps_blog_iim[1].png","munrfe-posts/0_ec33c_d4866ee5_XL.jpg","munrfe-posts/3dbbc112f8ca0d468d0604e938b94b045c7ec5e4b946f751208296[2].jpg"]', '[[1920,1080],[573,325],[1200,787],[810,550],[800,600],[1423,711]]', null, null, null, null, '2019-08-25 06:09:00', '2019-09-29 10:34:22');
INSERT INTO homestead.munrfe_posts (id, image, title, content, gallery, gallery_dimensions, type_id, category_id, user_id, meta_id, created_at, updated_at) VALUES (2, 'munrfe-posts\\September2019\\amc19_head[1].jpg', 'Заголовок', '<p>Примерный внешний вид обычной новости</p>', '["munrfe-posts/tinyprestzw_rrcreeps_blog_iim[1].png","munrfe-posts/3dbbc112f8ca0d468d0604e938b94b045c7ec5e4b946f751208296[2].jpg","munrfe-posts/e9504830011f2e3a8f95eec98361e812[1].jpg","munrfe-posts/s1200[1].png","munrfe-posts/games-dota-2-48400[1].jpg"]', '[[810,550],[1423,711],[573,325],[1200,787],[1920,1080]]', null, null, null, null, '2019-09-22 04:11:00', '2019-09-29 04:25:55');
INSERT INTO homestead.munrfe_posts (id, image, title, content, gallery, gallery_dimensions, type_id, category_id, user_id, meta_id, created_at, updated_at) VALUES (3, 'munrfe-posts\\September2019\\s1200.png', 'asdasddasd', '<p>asdasdasd</p>', '["munrfe-posts/3dbbc112f8ca0d468d0604e938b94b045c7ec5e4b946f751208296[2].jpg","munrfe-posts/0_ec33c_d4866ee5_XL.jpg"]', '[[1423,711],[800,600]]', null, null, null, null, '2019-09-22 11:04:00', '2019-09-29 02:54:39');
INSERT INTO homestead.munrfe_posts (id, image, title, content, gallery, gallery_dimensions, type_id, category_id, user_id, meta_id, created_at, updated_at) VALUES (4, 'munrfe-posts\\September2019\\amc19_head[1].jpg', 'Vladivostok Autumn Master-Classes 2019 are coming', '<p style="margin-top: 0px; margin-bottom: 5px; text-align: justify; color: #333333; font-family: Verdana, Arial, Tahoma, sans-serif; font-size: 12px;"><span style="color: #333333; font-family: Verdana, Arial, Tahoma, sans-serif;"><span style="font-size: 12px;">MUNRFE <strong>Vladivostok</strong> Club is going to conduct the MUNRFE Autumn Master-Classes 2019 &ldquo;Through Difficulties to the Stars&rdquo; in Far Eastern Federal University (FEFU) from September 27 to November 3 under the leadership of Oleg Powzyk and Polina Dolgopolova. The educational project unites Russian and <strong>international</strong> students in order to provide them with an opportunity to acquire soft skills and expand knowledge about the United Nations (UN). The Big Presentation of the Project, at which the attendees will get answers to all their questions, is taking place on September 27, in FEFU, Building C, <em>Red</em> Conference Hall. The Application Form for the Presentation can be found here. During a month full of interactive lectures and trainings, participants will learn leadership techniques, find out the secrets of effective goal-setting and time management, master public speaking skills, deepen knowledge about international relations and the UN, improve negotiations and debates capabilities, and practice English. The final event of the AMC 2019 will be held in the format of Model UN simulation, the winners of which will be granted with free participation in the upcoming MUNRFE Annual Conference 2019. </span></span></p>
<p style="margin-top: 0px; margin-bottom: 5px; text-align: justify; color: #333333; font-family: Verdana, Arial, Tahoma, sans-serif; font-size: 12px;"><span style="color: #333333; font-family: Verdana, Arial, Tahoma, sans-serif;"><span style="font-size: 12px;">If you have any questions, do not hesitate to contact Coordinators&rsquo; Team:</span></span></p>
<p style="margin-top: 0px; margin-bottom: 5px; text-align: justify; color: #333333; font-family: Verdana, Arial, Tahoma, sans-serif; font-size: 12px;">&nbsp;</p>
<p style="margin-top: 0px; margin-bottom: 5px; text-align: justify; color: #333333; font-family: Verdana, Arial, Tahoma, sans-serif; font-size: 12px;"><span style="color: #333333; font-family: Verdana, Arial, Tahoma, sans-serif;"><span style="font-size: 12px;">Oleg Powzyk Coordinator Cell-phone: +7(914)421-91-27 E-mail: vl@munrfe.ru</span></span></p>
<p style="margin-top: 0px; margin-bottom: 5px; text-align: justify; color: #333333; font-family: Verdana, Arial, Tahoma, sans-serif; font-size: 12px;"><span style="color: #333333; font-family: Verdana, Arial, Tahoma, sans-serif;"><span style="font-size: 12px;"> Polina Dolgopolova Vice-Coordinator Cell-phone: +7(987)856-35-25 E-mail: vl@munrfe.ru</span></span></p>
<p style="margin-top: 0px; margin-bottom: 5px; text-align: justify; color: #333333; font-family: Verdana, Arial, Tahoma, sans-serif; font-size: 12px;"><span style="color: #333333; font-family: Verdana, Arial, Tahoma, sans-serif;"><span style="font-size: 12px;"> Vkontakte: www.vk.com/vladmunrfe</span></span></p>
<p style="margin-top: 0px; margin-bottom: 5px; text-align: justify; color: #333333; font-family: Verdana, Arial, Tahoma, sans-serif; font-size: 12px;"><span style="color: #333333; font-family: Verdana, Arial, Tahoma, sans-serif;"><span style="font-size: 12px;"> Facebook: www.facebook.com/munrfe/</span></span></p>
<p style="margin-top: 0px; margin-bottom: 5px; text-align: justify; color: #333333; font-family: Verdana, Arial, Tahoma, sans-serif; font-size: 12px;"><span style="color: #333333; font-family: Verdana, Arial, Tahoma, sans-serif;"><span style="font-size: 12px;"> Instagram: @munrfe</span></span></p>', '["munrfe-posts/3dbbc112f8ca0d468d0604e938b94b045c7ec5e4b946f751208296[2].jpg","munrfe-posts/e9504830011f2e3a8f95eec98361e812[1].jpg","munrfe-posts/games-dota-2-48400[1].jpg","munrfe-posts/s1200[1].png"]', '[[1423,711],[573,325],[1920,1080],[1200,787]]', null, null, null, null, '2019-09-29 03:02:00', '2019-09-29 03:20:48');
INSERT INTO homestead.munrfe_posts (id, image, title, content, gallery, gallery_dimensions, type_id, category_id, user_id, meta_id, created_at, updated_at) VALUES (5, 'munrfe-posts\\September2019\\amc19_head[2].jpg', 'asdasd', '<p>asdasd</p>', '[]', '[]', null, null, null, null, '2019-09-29 03:42:41', '2019-09-29 03:42:41');
INSERT INTO homestead.permission_role (permission_id, role_id) VALUES (1, 1);
INSERT INTO homestead.permission_role (permission_id, role_id) VALUES (2, 1);
INSERT INTO homestead.permission_role (permission_id, role_id) VALUES (3, 1);
INSERT INTO homestead.permission_role (permission_id, role_id) VALUES (4, 1);
INSERT INTO homestead.permission_role (permission_id, role_id) VALUES (5, 1);
INSERT INTO homestead.permission_role (permission_id, role_id) VALUES (6, 1);
INSERT INTO homestead.permission_role (permission_id, role_id) VALUES (7, 1);
INSERT INTO homestead.permission_role (permission_id, role_id) VALUES (8, 1);
INSERT INTO homestead.permission_role (permission_id, role_id) VALUES (9, 1);
INSERT INTO homestead.permission_role (permission_id, role_id) VALUES (10, 1);
INSERT INTO homestead.permission_role (permission_id, role_id) VALUES (11, 1);
INSERT INTO homestead.permission_role (permission_id, role_id) VALUES (12, 1);
INSERT INTO homestead.permission_role (permission_id, role_id) VALUES (13, 1);
INSERT INTO homestead.permission_role (permission_id, role_id) VALUES (14, 1);
INSERT INTO homestead.permission_role (permission_id, role_id) VALUES (15, 1);
INSERT INTO homestead.permission_role (permission_id, role_id) VALUES (16, 1);
INSERT INTO homestead.permission_role (permission_id, role_id) VALUES (17, 1);
INSERT INTO homestead.permission_role (permission_id, role_id) VALUES (18, 1);
INSERT INTO homestead.permission_role (permission_id, role_id) VALUES (19, 1);
INSERT INTO homestead.permission_role (permission_id, role_id) VALUES (20, 1);
INSERT INTO homestead.permission_role (permission_id, role_id) VALUES (21, 1);
INSERT INTO homestead.permission_role (permission_id, role_id) VALUES (22, 1);
INSERT INTO homestead.permission_role (permission_id, role_id) VALUES (23, 1);
INSERT INTO homestead.permission_role (permission_id, role_id) VALUES (24, 1);
INSERT INTO homestead.permission_role (permission_id, role_id) VALUES (25, 1);
INSERT INTO homestead.permission_role (permission_id, role_id) VALUES (26, 1);
INSERT INTO homestead.permission_role (permission_id, role_id) VALUES (27, 1);
INSERT INTO homestead.permission_role (permission_id, role_id) VALUES (28, 1);
INSERT INTO homestead.permission_role (permission_id, role_id) VALUES (29, 1);
INSERT INTO homestead.permission_role (permission_id, role_id) VALUES (30, 1);
INSERT INTO homestead.permission_role (permission_id, role_id) VALUES (31, 1);
INSERT INTO homestead.permissions (id, `key`, table_name, created_at, updated_at) VALUES (1, 'browse_admin', null, '2019-08-25 05:33:52', '2019-08-25 05:33:52');
INSERT INTO homestead.permissions (id, `key`, table_name, created_at, updated_at) VALUES (2, 'browse_bread', null, '2019-08-25 05:33:52', '2019-08-25 05:33:52');
INSERT INTO homestead.permissions (id, `key`, table_name, created_at, updated_at) VALUES (3, 'browse_database', null, '2019-08-25 05:33:52', '2019-08-25 05:33:52');
INSERT INTO homestead.permissions (id, `key`, table_name, created_at, updated_at) VALUES (4, 'browse_media', null, '2019-08-25 05:33:52', '2019-08-25 05:33:52');
INSERT INTO homestead.permissions (id, `key`, table_name, created_at, updated_at) VALUES (5, 'browse_compass', null, '2019-08-25 05:33:52', '2019-08-25 05:33:52');
INSERT INTO homestead.permissions (id, `key`, table_name, created_at, updated_at) VALUES (6, 'browse_menus', 'menus', '2019-08-25 05:33:52', '2019-08-25 05:33:52');
INSERT INTO homestead.permissions (id, `key`, table_name, created_at, updated_at) VALUES (7, 'read_menus', 'menus', '2019-08-25 05:33:52', '2019-08-25 05:33:52');
INSERT INTO homestead.permissions (id, `key`, table_name, created_at, updated_at) VALUES (8, 'edit_menus', 'menus', '2019-08-25 05:33:52', '2019-08-25 05:33:52');
INSERT INTO homestead.permissions (id, `key`, table_name, created_at, updated_at) VALUES (9, 'add_menus', 'menus', '2019-08-25 05:33:52', '2019-08-25 05:33:52');
INSERT INTO homestead.permissions (id, `key`, table_name, created_at, updated_at) VALUES (10, 'delete_menus', 'menus', '2019-08-25 05:33:52', '2019-08-25 05:33:52');
INSERT INTO homestead.permissions (id, `key`, table_name, created_at, updated_at) VALUES (11, 'browse_roles', 'roles', '2019-08-25 05:33:52', '2019-08-25 05:33:52');
INSERT INTO homestead.permissions (id, `key`, table_name, created_at, updated_at) VALUES (12, 'read_roles', 'roles', '2019-08-25 05:33:52', '2019-08-25 05:33:52');
INSERT INTO homestead.permissions (id, `key`, table_name, created_at, updated_at) VALUES (13, 'edit_roles', 'roles', '2019-08-25 05:33:52', '2019-08-25 05:33:52');
INSERT INTO homestead.permissions (id, `key`, table_name, created_at, updated_at) VALUES (14, 'add_roles', 'roles', '2019-08-25 05:33:52', '2019-08-25 05:33:52');
INSERT INTO homestead.permissions (id, `key`, table_name, created_at, updated_at) VALUES (15, 'delete_roles', 'roles', '2019-08-25 05:33:52', '2019-08-25 05:33:52');
INSERT INTO homestead.permissions (id, `key`, table_name, created_at, updated_at) VALUES (16, 'browse_users', 'users', '2019-08-25 05:33:52', '2019-08-25 05:33:52');
INSERT INTO homestead.permissions (id, `key`, table_name, created_at, updated_at) VALUES (17, 'read_users', 'users', '2019-08-25 05:33:52', '2019-08-25 05:33:52');
INSERT INTO homestead.permissions (id, `key`, table_name, created_at, updated_at) VALUES (18, 'edit_users', 'users', '2019-08-25 05:33:52', '2019-08-25 05:33:52');
INSERT INTO homestead.permissions (id, `key`, table_name, created_at, updated_at) VALUES (19, 'add_users', 'users', '2019-08-25 05:33:52', '2019-08-25 05:33:52');
INSERT INTO homestead.permissions (id, `key`, table_name, created_at, updated_at) VALUES (20, 'delete_users', 'users', '2019-08-25 05:33:52', '2019-08-25 05:33:52');
INSERT INTO homestead.permissions (id, `key`, table_name, created_at, updated_at) VALUES (21, 'browse_settings', 'settings', '2019-08-25 05:33:52', '2019-08-25 05:33:52');
INSERT INTO homestead.permissions (id, `key`, table_name, created_at, updated_at) VALUES (22, 'read_settings', 'settings', '2019-08-25 05:33:52', '2019-08-25 05:33:52');
INSERT INTO homestead.permissions (id, `key`, table_name, created_at, updated_at) VALUES (23, 'edit_settings', 'settings', '2019-08-25 05:33:52', '2019-08-25 05:33:52');
INSERT INTO homestead.permissions (id, `key`, table_name, created_at, updated_at) VALUES (24, 'add_settings', 'settings', '2019-08-25 05:33:52', '2019-08-25 05:33:52');
INSERT INTO homestead.permissions (id, `key`, table_name, created_at, updated_at) VALUES (25, 'delete_settings', 'settings', '2019-08-25 05:33:52', '2019-08-25 05:33:52');
INSERT INTO homestead.permissions (id, `key`, table_name, created_at, updated_at) VALUES (26, 'browse_hooks', null, '2019-08-25 05:33:52', '2019-08-25 05:33:52');
INSERT INTO homestead.permissions (id, `key`, table_name, created_at, updated_at) VALUES (27, 'browse_munrfe_posts', 'munrfe_posts', '2019-08-25 05:58:39', '2019-08-25 05:58:39');
INSERT INTO homestead.permissions (id, `key`, table_name, created_at, updated_at) VALUES (28, 'read_munrfe_posts', 'munrfe_posts', '2019-08-25 05:58:39', '2019-08-25 05:58:39');
INSERT INTO homestead.permissions (id, `key`, table_name, created_at, updated_at) VALUES (29, 'edit_munrfe_posts', 'munrfe_posts', '2019-08-25 05:58:39', '2019-08-25 05:58:39');
INSERT INTO homestead.permissions (id, `key`, table_name, created_at, updated_at) VALUES (30, 'add_munrfe_posts', 'munrfe_posts', '2019-08-25 05:58:39', '2019-08-25 05:58:39');
INSERT INTO homestead.permissions (id, `key`, table_name, created_at, updated_at) VALUES (31, 'delete_munrfe_posts', 'munrfe_posts', '2019-08-25 05:58:39', '2019-08-25 05:58:39');
INSERT INTO homestead.roles (id, name, display_name, created_at, updated_at) VALUES (1, 'admin', 'Administrator', '2019-08-25 05:33:52', '2019-08-25 05:33:52');
INSERT INTO homestead.roles (id, name, display_name, created_at, updated_at) VALUES (2, 'user', 'Normal User', '2019-08-25 05:33:52', '2019-08-25 05:33:52');
INSERT INTO homestead.settings (id, `key`, display_name, value, details, type, `order`, `group`) VALUES (1, 'site.title', 'Site Title', 'Site Title', '', 'text', 1, 'Site');
INSERT INTO homestead.settings (id, `key`, display_name, value, details, type, `order`, `group`) VALUES (2, 'site.description', 'Site Description', 'Site Description', '', 'text', 2, 'Site');
INSERT INTO homestead.settings (id, `key`, display_name, value, details, type, `order`, `group`) VALUES (3, 'site.logo', 'Site Logo', '', '', 'image', 3, 'Site');
INSERT INTO homestead.settings (id, `key`, display_name, value, details, type, `order`, `group`) VALUES (4, 'site.google_analytics_tracking_id', 'Google Analytics Tracking ID', '', '', 'text', 4, 'Site');
INSERT INTO homestead.settings (id, `key`, display_name, value, details, type, `order`, `group`) VALUES (5, 'admin.bg_image', 'Admin Background Image', '', '', 'image', 5, 'Admin');
INSERT INTO homestead.settings (id, `key`, display_name, value, details, type, `order`, `group`) VALUES (6, 'admin.title', 'Admin Title', 'Voyager', '', 'text', 1, 'Admin');
INSERT INTO homestead.settings (id, `key`, display_name, value, details, type, `order`, `group`) VALUES (7, 'admin.description', 'Admin Description', 'Welcome to Voyager. The Missing Admin for Laravel', '', 'text', 2, 'Admin');
INSERT INTO homestead.settings (id, `key`, display_name, value, details, type, `order`, `group`) VALUES (8, 'admin.loader', 'Admin Loader', '', '', 'image', 3, 'Admin');
INSERT INTO homestead.settings (id, `key`, display_name, value, details, type, `order`, `group`) VALUES (9, 'admin.icon_image', 'Admin Icon Image', '', '', 'image', 4, 'Admin');
INSERT INTO homestead.settings (id, `key`, display_name, value, details, type, `order`, `group`) VALUES (10, 'admin.google_analytics_client_id', 'Google Analytics Client ID (used for admin dashboard)', '', '', 'text', 1, 'Admin');
INSERT INTO homestead.users (id, role_id, name, email, avatar, email_verified_at, password, remember_token, settings, created_at, updated_at) VALUES (1, 1, 'fal', 'fal', 'users/default.png', null, '$2y$10$.i1kBwvx1G/sogq2AGKzKehfI3/soO5r6FT/sCn88sfk.CSDCO6vO', null, null, '2019-08-25 05:35:22', '2019-08-25 05:35:22');